{"train_loss": [0.9359772015228256, 0.20901932916424226, 0.05682620405848072, 0.02569909544554923, 0.01958661090960285, 0.012893131610924929, 0.012620438753117491, 0.0108956345858424, 0.009456004998701549, 0.00850099370289217, 0.007536659802925879, 0.010290909374237957, 0.006474173549836678, 0.005651653082212543, 0.004931281117603375, 0.0049367607052732, 0.00435113423888139, 0.005300856208824581, 0.004381452014231551, 0.004855798244578873, 0.004175406414802591, 0.004111890483735382, 0.003830921637520273, 0.0035893706598475973, 0.0038094803092773998], "val_loss": [0.5643789158604009, 0.5020909807546352, 0.47087572745191375, 0.4743223475246895, 0.4938491792213626, 0.49555447372963757, 0.494071434571491, 0.5174132911170402, 0.4993127619347921, 0.5127646091507703, 0.519891881167404, 0.5510417604834084, 0.5669315611443868, 0.5294716224437807, 0.548260958795625, 0.5431612214421838, 0.5349556579822448, 0.559662271708977, 0.5466442249654755, 0.5399860744553853, 0.54830787143087, 0.5559492332179372, 0.5332898477228677, 0.5718693649865747, 0.5510852387280968], "val_acc": [0.8016260162601626, 0.8455284552845529, 0.8373983739837398, 0.8504065040650407, 0.8390243902439024, 0.8406504065040651, 0.8439024390243902, 0.832520325203252, 0.8504065040650407, 0.8455284552845529, 0.8455284552845529, 0.824390243902439, 0.8439024390243902, 0.832520325203252, 0.848780487804878, 0.8471544715447155, 0.848780487804878, 0.8373983739837398, 0.8504065040650407, 0.8471544715447155, 0.8552845528455284, 0.8504065040650407, 0.8471544715447155, 0.8520325203252033, 0.8552845528455284], "training_time": 1930.8178226947784}