{"train_loss": [0.7692988316783185, 0.1973230970772918, 0.07250514221504446, 0.04047658692550388, 0.0502755133127086, 0.05229420796769366, 0.05258419759623019, 0.06411286568960152, 0.04344273362367776, 0.034061910750322444, 0.03302912740585572, 0.050916930726452696, 0.054421797625596374, 0.04422448961043784, 0.046573319369344265, 0.021484874230527577, 0.04537404347487378, 0.026105949121585273, 0.008665469370761372, 0.0077074025134616165, 0.00738730311695727, 0.007418631824253416, 0.010114088668330917, 0.029433188345192447, 0.04047773032320897], "val_loss": [0.429923561045794, 0.48421891210525014, 0.4979723136599471, 0.5805242825329788, 0.5650114964178907, 0.5657956349027411, 0.4774350013190169, 0.5251812412486813, 0.5194848169156207, 0.5954564353314842, 0.5034079276449313, 0.6461346534694113, 0.5852565362686064, 0.5699994079465789, 0.5833322247111701, 0.5281812114928796, 0.6596130704492088, 0.4957540466533444, 0.5249181907836015, 0.5030127669737591, 0.4769776630207775, 0.5610731578697034, 0.6568815520139244, 0.5665423212497215, 0.6765811161297124], "val_acc": [0.8552845528455284, 0.8520325203252033, 0.8504065040650407, 0.8601626016260162, 0.8439024390243902, 0.8439024390243902, 0.8747967479674796, 0.8634146341463415, 0.8552845528455284, 0.8634146341463415, 0.8617886178861789, 0.8406504065040651, 0.8439024390243902, 0.8552845528455284, 0.8569105691056911, 0.8747967479674796, 0.8406504065040651, 0.8764227642276423, 0.8845528455284553, 0.8845528455284553, 0.8943089430894309, 0.8682926829268293, 0.8764227642276423, 0.8634146341463415, 0.8373983739837398], "training_time": 2887.3999376296997}