{"train_loss": [0.8153112023305912, 0.21293119603615862, 0.09071475166293093, 0.05601404875680374, 0.05431107198346477, 0.027652226846357857, 0.041403302510353374, 0.05488960249958751, 0.06927574086557409, 0.060142523087243244], "val_loss": [0.4557760978132729, 0.4413648879624964, 0.4033023855065912, 0.4260839469064542, 0.40848662547948883, 0.46006541174601734, 0.5900985085867285, 0.5063997747452278, 0.6885543898838322, 0.578159418629437], "val_acc": [0.8520325203252033, 0.8569105691056911, 0.8731707317073171, 0.8715447154471545, 0.8813008130081301, 0.8861788617886179, 0.8715447154471545, 0.8699186991869918, 0.8260162601626017, 0.8552845528455284]}