{"train_loss": [0.9446522586716718, 0.2098732955968753, 0.06008950275759153, 0.024408890968676822, 0.017571087367302854, 0.013201771527286566, 0.01066456643184469, 0.009808979785540593, 0.008473510419221784, 0.007671321055618005], "val_loss": [0.5412437666480134, 0.4657633300719222, 0.4429342855540354, 0.44222926409930235, 0.4418768339919123, 0.4474024249112037, 0.44396476961551157, 0.5105643925423605, 0.47434456866249686, 0.44974102840372704], "val_acc": [0.8146341463414634, 0.8357723577235773, 0.8536585365853658, 0.8520325203252033, 0.8617886178861789, 0.8536585365853658, 0.8569105691056911, 0.8520325203252033, 0.8569105691056911, 0.865040650406504], "training_time": 2166.009382247925}