{"train_loss": [0.8730944182416474, 0.21138661224296645, 0.07522488414161951, 0.04052379836049423, 0.04816243601209843, 0.06049620351961888, 0.07645956660276117, 0.0680195999818815, 0.04795864264500448, 0.03369908026551653], "val_loss": [0.5139180415044955, 0.39277212261184447, 0.49131110097334635, 0.4258424760849495, 0.4610659261059955, 0.5521540510945204, 0.5734379920048442, 0.718637875328219, 0.5346925809131405, 0.5608935146312404], "val_acc": [0.8292682926829268, 0.8715447154471545, 0.8666666666666667, 0.8666666666666667, 0.8715447154471545, 0.8585365853658536, 0.8341463414634146, 0.8195121951219512, 0.8520325203252033, 0.8682926829268293], "training_time": 4493.1142592430115}