{"train_loss": [1.0893349589152532, 0.3648288618593088, 0.1288343454003092, 0.048503655740860296, 0.031093912766031597, 0.020693939453167238, 0.017330147023246523, 0.0161694975790092, 0.02549285808565267, 0.028925777931782058], "val_loss": [0.5183510744959359, 0.37728679393365133, 0.37656802355758545, 0.3690591986586408, 0.4012695909515629, 0.40012542183806254, 0.4124981226959849, 0.42599465372116585, 0.3926053814771699, 0.5019862078069671], "val_acc": [0.8276422764227642, 0.8780487804878049, 0.8796747967479674, 0.8845528455284553, 0.8861788617886179, 0.8878048780487805, 0.8878048780487805, 0.8764227642276423, 0.8894308943089431, 0.8601626016260162], "training_time": 4754.8176283836365}