{"train_loss": [1.0724120774389234, 0.3448048627313585, 0.1236194074002527, 0.05718992572854516, 0.03575951401984386, 0.0254425985828702, 0.02310468498632548, 0.028986856944583528, 0.028064905508765357, 0.04447091066561206, 0.04190175537487711, 0.03761910806398283, 0.023977321718298337, 0.014337002252421937, 0.01893229870245236, 0.019264922149960756, 0.012868413582825651, 0.016276991390225797, 0.01993358406105428, 0.01594797055184393, 0.009703588220890656, 0.006168109501800199, 0.0055532505692613655, 0.008160612227267267, 0.019959979444251753], "val_loss": [0.5049730288788555, 0.417085805147644, 0.40394675234953564, 0.418872952909489, 0.45235559087458665, 0.4538246781239665, 0.45567042770666805, 0.4733878725185627, 0.4802181886887647, 0.5560011437389909, 0.5273449046340415, 0.5227874762643644, 0.510926068507559, 0.5277977372330379, 0.5728193812253999, 0.4828498953241643, 0.48432177910959817, 0.47889165408243006, 0.4587993608197061, 0.4425820369424859, 0.4457467326485529, 0.4685323139395171, 0.48860279954667013, 0.5319094259322175, 0.5638709390308799], "val_acc": [0.8455284552845529, 0.8585365853658536, 0.8569105691056911, 0.8715447154471545, 0.8682926829268293, 0.865040650406504, 0.8666666666666667, 0.8585365853658536, 0.8585365853658536, 0.8357723577235773, 0.8504065040650407, 0.8520325203252033, 0.8601626016260162, 0.8617886178861789, 0.8536585365853658, 0.8682926829268293, 0.8666666666666667, 0.8715447154471545, 0.8796747967479674, 0.8829268292682927, 0.8878048780487805, 0.8845528455284553, 0.8813008130081301, 0.8780487804878049, 0.8520325203252033], "training_time": 2760.0017788410187}