{"train_loss": [0.9274892063704704, 0.2073651686922315, 0.06034855495522246, 0.029093676665627535, 0.018303786401024973, 0.012995200719187102, 0.011881859829079409, 0.010065166504840961, 0.009089571295539958, 0.008730522974292842], "val_loss": [0.604181812982249, 0.5079819543817179, 0.4900611947707044, 0.5025958830748147, 0.5389510110626375, 0.5363401930748932, 0.5565462553767654, 0.5496171040990488, 0.5671470467637225, 0.5717847925133821], "val_acc": [0.7853658536585366, 0.8422764227642277, 0.8601626016260162, 0.8471544715447155, 0.8439024390243902, 0.8504065040650407, 0.848780487804878, 0.8552845528455284, 0.8569105691056911, 0.8617886178861789]}